Method,Job,AnalyzeLaunchVariance,EvaluateOverhead,MaxAbsoluteError,MaxRelativeError,MinInvokeCount,MinIterationTime,OutlierMode,Affinity,EnvironmentVariables,Jit,LargeAddressAware,Platform,PowerPlanMode,Runtime,AllowVeryLargeObjects,Concurrent,CpuGroups,Force,HeapAffinitizeMask,HeapCount,NoAffinitize,RetainVm,Server,Arguments,BuildConfiguration,Clock,EngineFactory,NuGetReferences,Toolchain,IsMutator,InvocationCount,IterationCount,IterationTime,LaunchCount,MaxIterationCount,MaxWarmupIterationCount,MemoryRandomization,MinIterationCount,MinWarmupIterationCount,RunStrategy,UnrollFactor,WarmupCount,Mean,Error,StdDev,Gen0,Allocated
EmptyComponent,ShortRun,False,Default,Default,Default,Default,Default,Default,111111111111,Empty,RyuJit,Default,Arm64,8c5e7fda-e8bf-4a96-9a85-a6e23a8c635c,.NET 10.0,False,True,False,True,Default,Default,False,False,False,Default,Default,Default,Default,Default,Default,Default,Default,3,Default,1,Default,Default,Default,Default,Default,Default,16,3,2.092 ns,1.1690 ns,0.0641 ns,0.0134,56 B
EmptyCriterion,ShortRun,False,Default,Default,Default,Default,Default,Default,111111111111,Empty,RyuJit,Default,Arm64,8c5e7fda-e8bf-4a96-9a85-a6e23a8c635c,.NET 10.0,False,True,False,True,Default,Default,False,False,False,Default,Default,Default,Default,Default,Default,Default,Default,3,Default,1,Default,Default,Default,Default,Default,Default,16,3,1.763 ns,0.6441 ns,0.0353 ns,0.0115,48 B
EmptyCriterionExpressionType,ShortRun,False,Default,Default,Default,Default,Default,Default,111111111111,Empty,RyuJit,Default,Arm64,8c5e7fda-e8bf-4a96-9a85-a6e23a8c635c,.NET 10.0,False,True,False,True,Default,Default,False,False,False,Default,Default,Default,Default,Default,Default,Default,Default,3,Default,1,Default,Default,Default,Default,Default,Default,16,3,1.694 ns,1.8029 ns,0.0988 ns,0.0096,40 B
EmptyDocument,ShortRun,False,Default,Default,Default,Default,Default,Default,111111111111,Empty,RyuJit,Default,Arm64,8c5e7fda-e8bf-4a96-9a85-a6e23a8c635c,.NET 10.0,False,True,False,True,Default,Default,False,False,False,Default,Default,Default,Default,Default,Default,Default,Default,3,Default,1,Default,Default,Default,Default,Default,Default,16,3,173.863 ns,5.8735 ns,0.3219 ns,0.2563,1072 B
EmptyFailureAction,ShortRun,False,Default,Default,Default,Default,Default,Default,111111111111,Empty,RyuJit,Default,Arm64,8c5e7fda-e8bf-4a96-9a85-a6e23a8c635c,.NET 10.0,False,True,False,True,Default,Default,False,False,False,Default,Default,Default,Default,Default,Default,Default,Default,3,Default,1,Default,Default,Default,Default,Default,Default,16,3,2.978 ns,2.2648 ns,0.1241 ns,0.0249,104 B
EmptyFailureActionReference,ShortRun,False,Default,Default,Default,Default,Default,Default,111111111111,Empty,RyuJit,Default,Arm64,8c5e7fda-e8bf-4a96-9a85-a6e23a8c635c,.NET 10.0,False,True,False,True,Default,Default,False,False,False,Default,Default,Default,Default,Default,Default,Default,Default,3,Default,1,Default,Default,Default,Default,Default,Default,16,3,12.721 ns,0.2955 ns,0.0162 ns,0.0325,136 B
EmptyInfo,ShortRun,False,Default,Default,Default,Default,Default,Default,111111111111,Empty,RyuJit,Default,Arm64,8c5e7fda-e8bf-4a96-9a85-a6e23a8c635c,.NET 10.0,False,True,False,True,Default,Default,False,False,False,Default,Default,Default,Default,Default,Default,Default,Default,3,Default,1,Default,Default,Default,Default,Default,Default,16,3,2.079 ns,2.8910 ns,0.1585 ns,0.0134,56 B
EmptyInput,ShortRun,False,Default,Default,Default,Default,Default,Default,111111111111,Empty,RyuJit,Default,Arm64,8c5e7fda-e8bf-4a96-9a85-a6e23a8c635c,.NET 10.0,False,True,False,True,Default,Default,False,False,False,Default,Default,Default,Default,Default,Default,Default,Default,3,Default,1,Default,Default,Default,Default,Default,Default,16,3,9.634 ns,3.2238 ns,0.1767 ns,0.1090,456 B
EmptyInputReference,ShortRun,False,Default,Default,Default,Default,Default,Default,111111111111,Empty,RyuJit,Default,Arm64,8c5e7fda-e8bf-4a96-9a85-a6e23a8c635c,.NET 10.0,False,True,False,True,Default,Default,False,False,False,Default,Default,Default,Default,Default,Default,Default,Default,3,Default,1,Default,Default,Default,Default,Default,Default,16,3,13.561 ns,1.4493 ns,0.0794 ns,0.0440,184 B
EmptyParameter,ShortRun,False,Default,Default,Default,Default,Default,Default,111111111111,Empty,RyuJit,Default,Arm64,8c5e7fda-e8bf-4a96-9a85-a6e23a8c635c,.NET 10.0,False,True,False,True,Default,Default,False,False,False,Default,Default,Default,Default,Default,Default,Default,Default,3,Default,1,Default,Default,Default,Default,Default,Default,16,3,1.806 ns,1.8777 ns,0.1029 ns,0.0115,48 B
EmptyParameterReference,ShortRun,False,Default,Default,Default,Default,Default,Default,111111111111,Empty,RyuJit,Default,Arm64,8c5e7fda-e8bf-4a96-9a85-a6e23a8c635c,.NET 10.0,False,True,False,True,Default,Default,False,False,False,Default,Default,Default,Default,Default,Default,Default,Default,3,Default,1,Default,Default,Default,Default,Default,Default,16,3,12.674 ns,3.4329 ns,0.1882 ns,0.0344,144 B
EmptyPayloadReplacement,ShortRun,False,Default,Default,Default,Default,Default,Default,111111111111,Empty,RyuJit,Default,Arm64,8c5e7fda-e8bf-4a96-9a85-a6e23a8c635c,.NET 10.0,False,True,False,True,Default,Default,False,False,False,Default,Default,Default,Default,Default,Default,Default,Default,3,Default,1,Default,Default,Default,Default,Default,Default,16,3,1.586 ns,0.1849 ns,0.0101 ns,0.0096,40 B
EmptyRequestBody,ShortRun,False,Default,Default,Default,Default,Default,Default,111111111111,Empty,RyuJit,Default,Arm64,8c5e7fda-e8bf-4a96-9a85-a6e23a8c635c,.NET 10.0,False,True,False,True,Default,Default,False,False,False,Default,Default,Default,Default,Default,Default,Default,Default,3,Default,1,Default,Default,Default,Default,Default,Default,16,3,1.786 ns,0.6092 ns,0.0334 ns,0.0115,48 B
EmptySourceDescription,ShortRun,False,Default,Default,Default,Default,Default,Default,111111111111,Empty,RyuJit,Default,Arm64,8c5e7fda-e8bf-4a96-9a85-a6e23a8c635c,.NET 10.0,False,True,False,True,Default,Default,False,False,False,Default,Default,Default,Default,Default,Default,Default,Default,3,Default,1,Default,Default,Default,Default,Default,Default,16,3,1.862 ns,1.8955 ns,0.1039 ns,0.0115,48 B
EmptyStep,ShortRun,False,Default,Default,Default,Default,Default,Default,111111111111,Empty,RyuJit,Default,Arm64,8c5e7fda-e8bf-4a96-9a85-a6e23a8c635c,.NET 10.0,False,True,False,True,Default,Default,False,False,False,Default,Default,Default,Default,Default,Default,Default,Default,3,Default,1,Default,Default,Default,Default,Default,Default,16,3,3.020 ns,1.0314 ns,0.0565 ns,0.0268,112 B
EmptySuccessAction,ShortRun,False,Default,Default,Default,Default,Default,Default,111111111111,Empty,RyuJit,Default,Arm64,8c5e7fda-e8bf-4a96-9a85-a6e23a8c635c,.NET 10.0,False,True,False,True,Default,Default,False,False,False,Default,Default,Default,Default,Default,Default,Default,Default,3,Default,1,Default,Default,Default,Default,Default,Default,16,3,2.065 ns,0.1563 ns,0.0086 ns,0.0153,64 B
EmptySuccessActionReference,ShortRun,False,Default,Default,Default,Default,Default,Default,111111111111,Empty,RyuJit,Default,Arm64,8c5e7fda-e8bf-4a96-9a85-a6e23a8c635c,.NET 10.0,False,True,False,True,Default,Default,False,False,False,Default,Default,Default,Default,Default,Default,Default,Default,3,Default,1,Default,Default,Default,Default,Default,Default,16,3,13.094 ns,4.6286 ns,0.2537 ns,0.0325,136 B
EmptyWorkflow,ShortRun,False,Default,Default,Default,Default,Default,Default,111111111111,Empty,RyuJit,Default,Arm64,8c5e7fda-e8bf-4a96-9a85-a6e23a8c635c,.NET 10.0,False,True,False,True,Default,Default,False,False,False,Default,Default,Default,Default,Default,Default,Default,Default,3,Default,1,Default,Default,Default,Default,Default,Default,16,3,2.836 ns,0.8678 ns,0.0476 ns,0.0249,104 B
